"Name","API Name","Memory","Compute Units (ECU)","vCPUs","GPUs","FPGAs","ECU per vCPU","Physical Processor","Clock Speed(GHz)","Intel AVX","Intel AVX2","Intel Turbo","Instance Storage","Instance Storage: already warmed-up","Instance Storage: SSD TRIM Support","Arch","Network Performance","EBS Optimized: Max Bandwidth","EBS Optimized: Throughput","EBS Optimized: Max 16K IOPS","Max IPs","Max ENIs","Enhanced Networking","VPC Only","IPv6 Support","Placement Group Support","Linux Virtualization","Linux On Demand cost","Linux Reserved cost","RHEL On Demand cost","RHEL Reserved cost","SLES On Demand cost","SLES Reserved cost","Windows On Demand cost","Windows Reserved cost","Windows SQL Web On Demand cost","Windows SQL Web Reserved cost","Windows SQL Std On Demand cost","Windows SQL Std Reserved cost","Windows SQL Ent On Demand cost","Windows SQL Ent Reserved cost","Linux SQL Web On Demand cost","Linux SQL Web Reserved cost","Linux SQL Std On Demand cost","Linux SQL Std Reserved cost","Linux SQL Ent On Demand cost","Linux SQL Ent Reserved cost","EBS Optimized surcharge"
"M1 General Purpose Small","m1.small","1.7 GiB","1 units","1 vCPUs","0","0","1 units","","","","","","160 GiB               HDD               + 900MB swap","No","N/A","32/64-bit","Low","N/A","0 MB/s","0 IOPS","8","2","No","No","No","No","PV","unavailable","unavailable","$0.104 hourly","$0.088 hourly","$0.074 hourly","$0.052 hourly","unavailable","unavailable","$0.139 hourly","$0.094 hourly","$0.629 hourly","$0.473 hourly","unavailable","unavailable","unavailable","unavailable","unavailable","unavailable","unavailable","unavailable","unavailable"
"M1 General Purpose Medium","m1.medium","3.75 GiB","2 units","1 vCPUs","0","0","2 units","","","","","","410 GiB               HDD","No","N/A","32/64-bit","Moderate","N/A","0 MB/s","0 IOPS","12","2","No","No","No","No","PV","unavailable","unavailable","$0.147 hourly","$0.116 hourly","$0.187 hourly","$0.092 hourly","unavailable","unavailable","$0.237 hourly","$0.155 hourly","$0.744 hourly","$0.543 hourly","unavailable","unavailable","unavailable","unavailable","unavailable","unavailable","unavailable","unavailable","unavailable"
"M1 General Purpose Large","m1.large","7.5 GiB","4 units","2 vCPUs","0","0","2 units","","","","","","840 GiB               (2 * 420 GiB HDD)","No","N/A","64-bit","Moderate","N/A","0 MB/s","0 IOPS","30","3","No","No","No","No","PV","unavailable","unavailable","$0.235 hourly","$0.172 hourly","$0.275 hourly","$0.148 hourly","unavailable","unavailable","$0.435 hourly","$0.284 hourly","$0.955 hourly","$0.665 hourly","unavailable","unavailable","unavailable","unavailable","unavailable","unavailable","unavailable","unavailable","unavailable"
"M1 General Purpose Extra Large","m1.xlarge","15.0 GiB","8 units","4 vCPUs","0","0","2 units","","","","","","1680 GiB               (4 * 420 GiB HDD)","No","N/A","64-bit","High","N/A","0 MB/s","0 IOPS","60","4","No","No","No","No","PV","unavailable","unavailable","$0.41 hourly","$0.284 hourly","$0.45 hourly","$0.260 hourly","unavailable","unavailable","$0.83 hourly","$0.543 hourly","$1.362 hourly","$0.906 hourly","unavailable","unavailable","unavailable","unavailable","unavailable","unavailable","unavailable","unavailable","unavailable"
"C1 High-CPU Medium","c1.medium","1.7 GiB","5 units","2 vCPUs","0","0","2.5 units","","","","","","350 GiB               HDD               + 900MB swap","No","N/A","32/64-bit","Moderate","N/A","0 MB/s","0 IOPS","12","2","No","No","No","No","PV","unavailable","unavailable","$0.19 hourly","$0.151 hourly","$0.23 hourly","$0.127 hourly","unavailable","unavailable","$0.31 hourly","$0.215 hourly","unavailable","unavailable","unavailable","unavailable","unavailable","unavailable","unavailable","unavailable","unavailable","unavailable","unavailable"
"C1 High-CPU Extra Large","c1.xlarge","7.0 GiB","20 units","8 vCPUs","0","0","2.5 units","","","","","","1680 GiB               (4 * 420 GiB HDD)","No","N/A","64-bit","High","N/A","0 MB/s","0 IOPS","60","4","No","No","No","No","PV","unavailable","unavailable","$0.65 hourly","$0.494 hourly","$0.62 hourly","$0.400 hourly","unavailable","unavailable","$1.16 hourly","$0.793 hourly","$2.124 hourly","$1.537 hourly","unavailable","unavailable","unavailable","unavailable","unavailable","unavailable","unavailable","unavailable","unavailable"
"Cluster Compute Eight Extra Large","cc2.8xlarge","60.5 GiB","88 units","32 vCPUs","0","0","2.75 units","","","","","","3360 GiB               (4 * 840 GiB HDD)","No","N/A","64-bit","10 Gigabit","N/A","0 MB/s","0 IOPS","240","8","No","No","No","No","HVM","unavailable","unavailable","$2.13 hourly","$1.220 hourly","$2.1 hourly","$1.126 hourly","unavailable","unavailable","$2.775 hourly","$1.437 hourly","$4.41 hourly","$2.956 hourly","unavailable","unavailable","unavailable","unavailable","unavailable","unavailable","unavailable","unavailable","unavailable"
"M2 High Memory Extra Large","m2.xlarge","17.1 GiB","6.5 units","2 vCPUs","0","0","3.25 units","","","","","","420 GiB               HDD","No","N/A","64-bit","Moderate","N/A","0 MB/s","0 IOPS","60","4","No","No","No","No","PV","unavailable","unavailable","$0.305 hourly","$0.171 hourly","$0.345 hourly","$0.147 hourly","unavailable","unavailable","$0.445 hourly","$0.323 hourly","$1.084 hourly","$0.728 hourly","unavailable","unavailable","unavailable","unavailable","unavailable","unavailable","unavailable","unavailable","unavailable"
"M2 High Memory Double Extra Large","m2.2xlarge","34.2 GiB","13 units","4 vCPUs","0","0","3.25 units","","","","","","850 GiB               HDD","No","N/A","64-bit","Moderate","N/A","0 MB/s","0 IOPS","120","4","No","No","No","No","PV","unavailable","unavailable","$0.55 hourly","$0.282 hourly","$0.59 hourly","$0.258 hourly","unavailable","unavailable","$0.85 hourly","$0.622 hourly","$1.489 hourly","$0.944 hourly","unavailable","unavailable","unavailable","unavailable","unavailable","unavailable","unavailable","unavailable","unavailable"
"M2 High Memory Quadruple Extra Large","m2.4xlarge","68.4 GiB","26 units","8 vCPUs","0","0","3.25 units","","","","","","1680 GiB               (2 * 840 GiB HDD)","No","N/A","64-bit","High","N/A","0 MB/s","0 IOPS","240","8","No","No","No","No","PV","unavailable","unavailable","$1.11 hourly","$0.574 hourly","$1.08 hourly","$0.480 hourly","unavailable","unavailable","$1.7 hourly","$1.245 hourly","$2.976 hourly","$1.887 hourly","unavailable","unavailable","unavailable","unavailable","unavailable","unavailable","unavailable","unavailable","unavailable"
"High Storage Eight Extra Large","hs1.8xlarge","117.0 GiB","35 units","16 vCPUs","0","0","2.188 units","","","","","","48000 GiB               (24 * 2000 GiB HDD)","No","N/A","64-bit","10 Gigabit","N/A","0 MB/s","0 IOPS","240","8","No","No","No","No","HVM, PV","unavailable","unavailable","$4.73 hourly","$2.704 hourly","$4.7 hourly","$2.610 hourly","unavailable","unavailable","$5.144 hourly","$3.211 hourly","$8.35 hourly","$6.961 hourly","unavailable","unavailable","unavailable","unavailable","unavailable","unavailable","unavailable","unavailable","unavailable"
"T1 Micro","t1.micro","0.613 GiB","Burstable","1 vCPUs","0","0","Burstable","","","","","","EBS only","N/A","N/A","32/64-bit","Very Low","N/A","0 MB/s","0 IOPS","4","2","No","No","No","No","PV","unavailable","unavailable","$0.08 hourly","$0.074 hourly","$0.03 hourly","$0.022 hourly","unavailable","unavailable","$0.07 hourly","$0.047 hourly","unavailable","unavailable","unavailable","unavailable","unavailable","unavailable","unavailable","unavailable","unavailable","unavailable","unavailable"
"T2 Nano","t2.nano","0.5 GiB","Base performance:                 5%","1 vCPUs                                                   for a                 1h 12m                 burst","0","0","Burstable","","","","","","EBS only","N/A","N/A","32/64-bit","Low","N/A","0 MB/s","0 IOPS","4","2","No","Yes","Yes","No","HVM","$0.006700 hourly","$0.005000 hourly","unavailable","unavailable","$0.0158 hourly","$0.013 hourly","$0.009000 hourly","$0.007000 hourly","unavailable","unavailable","unavailable","unavailable","unavailable","unavailable","unavailable","unavailable","unavailable","unavailable","unavailable","unavailable","unavailable"
"T2 Micro","t2.micro","1.0 GiB","Base performance:                 10%","1 vCPUs                                                   for a                 2h 24m                 burst","0","0","Burstable","","","","","","EBS only","N/A","N/A","32/64-bit","Low to Moderate","N/A","0 MB/s","0 IOPS","4","2","No","Yes","Yes","No","HVM","$0.013400 hourly","$0.009000 hourly","$0.0716 hourly","$0.067 hourly","$0.0216 hourly","$0.016 hourly","$0.018000 hourly","$0.013000 hourly","$0.068 hourly","$0.047 hourly","unavailable","unavailable","unavailable","unavailable","$0.0792 hourly","$0.075 hourly","unavailable","unavailable","unavailable","unavailable","unavailable"
"T2 Small","t2.small","2.0 GiB","Base performance:                 20%","1 vCPUs                                                   for a                 4h 48m                 burst","0","0","Burstable","","","","","","EBS only","N/A","N/A","32/64-bit","Low to Moderate","N/A","0 MB/s","0 IOPS","8","2","No","Yes","Yes","No","HVM","$0.026800 hourly","$0.018000 hourly","$0.083 hourly","$0.074 hourly","$0.053 hourly","$0.028 hourly","$0.036000 hourly","$0.027000 hourly","$0.1034 hourly","$0.093 hourly","unavailable","unavailable","unavailable","unavailable","$0.0908 hourly","$0.082 hourly","unavailable","unavailable","unavailable","unavailable","unavailable"
"T2 Medium","t2.medium","4.0 GiB","Base performance:                 40%","2 vCPUs                                                   for a                 4h 48m                 burst","0","0","Burstable","","","","","","EBS only","N/A","N/A","32/64-bit","Low to Moderate","N/A","0 MB/s","0 IOPS","18","3","No","Yes","Yes","No","HVM","$0.053600 hourly","$0.036000 hourly","$0.1064 hourly","$0.089 hourly","$0.1464 hourly","$0.062 hourly","$0.071600 hourly","$0.054000 hourly","$0.1358 hourly","$0.118 hourly","unavailable","unavailable","unavailable","unavailable","$0.114 hourly","$0.096 hourly","unavailable","unavailable","unavailable","unavailable","unavailable"
"T2 Large","t2.large","8.0 GiB","Base performance:                 60%","2 vCPUs                                                   for a                 7h 12m                 burst","0","0","Burstable","","","","","","EBS only","N/A","N/A","64-bit","Low to Moderate","N/A","0 MB/s","0 IOPS","36","3","No","Yes","Yes","No","HVM","$0.107200 hourly","$0.071000 hourly","$0.1528 hourly","$0.118 hourly","$0.1928 hourly","$0.091 hourly","$0.135200 hourly","$0.099000 hourly","$0.1918 hourly","$0.157 hourly","unavailable","unavailable","unavailable","unavailable","$0.1604 hourly","$0.125 hourly","unavailable","unavailable","unavailable","unavailable","unavailable"
"T2 Extra Large","t2.xlarge","16.0 GiB","Base performance:                 90%","4 vCPUs                                                   for a                 5h 24m                 burst","0","0","Burstable","","","","","","EBS only","N/A","N/A","64-bit","Moderate","N/A","0 MB/s","0 IOPS","45","3","No","Yes","Yes","No","HVM","$0.214400 hourly","$0.143000 hourly","$0.2456 hourly","$0.175 hourly","$0.2856 hourly","$0.148 hourly","$0.255400 hourly","$0.184000 hourly","$0.298 hourly","$0.227 hourly","unavailable","unavailable","$1.7266 hourly","$1.656 hourly","$0.2532 hourly","$0.183 hourly","unavailable","unavailable","$1.6856 hourly","$1.615 hourly","unavailable"
"T2 Double Extra Large","t2.2xlarge","32.0 GiB","Base performance:                 135%","8 vCPUs                                                   for a                 4h 3m                 burst","0","0","Burstable","","","","","","EBS only","N/A","N/A","64-bit","Moderate","N/A","0 MB/s","0 IOPS","45","3","No","Yes","Yes","No","HVM","$0.428800 hourly","$0.285000 hourly","$0.5012 hourly","$0.360 hourly","$0.4712 hourly","$0.263 hourly","$0.490800 hourly","$0.347000 hourly","$0.5742 hourly","$0.433 hourly","unavailable","unavailable","$3.4332 hourly","$3.292 hourly","$0.5064 hourly","$0.365 hourly","unavailable","unavailable","$3.3712 hourly","$3.230 hourly","unavailable"
"M5 General Purpose Large","m5.large","8.0 GiB","10 units","2 vCPUs","0","0","5 units","","","","","","EBS only","N/A","N/A","64-bit","High","2120.0 Mbps","265.0 MB/s","16000.0 IOPS","30","3","Yes","Yes","Yes","Yes","HVM","$0.115000 hourly","$0.076000 hourly","$0.156 hourly","$0.121 hourly","$0.196 hourly","$0.094 hourly","$0.207000 hourly","$0.168000 hourly","$0.256 hourly","$0.221 hourly","$0.668 hourly","$0.633 hourly","unavailable","unavailable","$0.164 hourly","$0.129 hourly","$0.576 hourly","$0.541 hourly","unavailable","unavailable","0"
"M5 General Purpose Extra Large","m5.xlarge","16.0 GiB","15 units","4 vCPUs","0","0","3.75 units","","","","","","EBS only","N/A","N/A","64-bit","High","2120.0 Mbps","265.0 MB/s","16000.0 IOPS","60","4","Yes","Yes","Yes","Yes","HVM","$0.230000 hourly","$0.153000 hourly","$0.252 hourly","$0.183 hourly","$0.292 hourly","$0.156 hourly","$0.414000 hourly","$0.337000 hourly","$0.444 hourly","$0.374 hourly","$0.856 hourly","$0.787 hourly","$1.876 hourly","$1.807 hourly","$0.26 hourly","$0.190 hourly","$0.672 hourly","$0.603 hourly","$1.692 hourly","$1.623 hourly","0"
"M5 General Purpose Double Extra Large","m5.2xlarge","32.0 GiB","31 units","8 vCPUs","0","0","3.875 units","","","","","","EBS only","N/A","N/A","64-bit","High","2120.0 Mbps","265.0 MB/s","16000.0 IOPS","60","4","Yes","Yes","Yes","Yes","HVM","$0.460000 hourly","$0.306000 hourly","$0.514 hourly","$0.375 hourly","$0.484 hourly","$0.278 hourly","$0.828000 hourly","$0.674000 hourly","$0.887 hourly","$0.749 hourly","$1.712 hourly","$1.573 hourly","$3.752 hourly","$3.613 hourly","$0.519 hourly","$0.381 hourly","$1.344 hourly","$1.205 hourly","$3.384 hourly","$3.245 hourly","0"
"M5 General Purpose Quadruple Extra Large","m5.4xlarge","64.0 GiB","61 units","16 vCPUs","0","0","3.812 units","","","","","","EBS only","N/A","N/A","64-bit","High","2120.0 Mbps","265.0 MB/s","16000.0 IOPS","240","8","Yes","Yes","Yes","Yes","HVM","$0.920000 hourly","$0.612000 hourly","$0.898 hourly","$0.621 hourly","$0.868 hourly","$0.524 hourly","$1.656000 hourly","$1.348000 hourly","$1.774 hourly","$1.497 hourly","$3.424 hourly","$3.147 hourly","$7.504 hourly","$7.227 hourly","$1.038 hourly","$0.761 hourly","$2.688 hourly","$2.411 hourly","$6.768 hourly","$6.491 hourly","0"
"M5 General Purpose 12xlarge","m5.12xlarge","192.0 GiB","173 units","48 vCPUs","0","0","3.604 units","","","","","","EBS only","N/A","N/A","64-bit","10 Gigabit","5000.0 Mbps","625.0 MB/s","32500.0 IOPS","240","8","Yes","Yes","Yes","Yes","HVM","$2.760000 hourly","$1.835000 hourly","$2.434 hourly","$1.602 hourly","$2.404 hourly","$1.505 hourly","$4.968000 hourly","$4.043000 hourly","$5.323 hourly","$4.491 hourly","$10.272 hourly","$9.440 hourly","$22.512 hourly","$21.680 hourly","$3.115 hourly","$2.283 hourly","$8.064 hourly","$7.232 hourly","$20.304 hourly","$19.472 hourly","0"
"M5 General Purpose 24xlarge","m5.24xlarge","384.0 GiB","345 units","96 vCPUs","0","0","3.594 units","","","","","","EBS only","N/A","N/A","64-bit","25 Gigabit","10000.0 Mbps","1250.0 MB/s","65000.0 IOPS","750","15","Yes","Yes","Yes","Yes","HVM","$5.520000 hourly","$3.669000 hourly","$4.738 hourly","$3.074 hourly","$4.708 hourly","$2.977 hourly","$9.936000 hourly","$8.085000 hourly","$10.646 hourly","$8.982 hourly","$20.544 hourly","$18.880 hourly","$45.024 hourly","$43.360 hourly","$6.23 hourly","$4.566 hourly","$16.128 hourly","$14.464 hourly","$40.608 hourly","$38.944 hourly","0"
"M4 General Purpose Large","m4.large","8.0 GiB","6.5 units","2 vCPUs","0","0","3.25 units","","","","","","EBS only","N/A","N/A","64-bit","Moderate","450.0 Mbps","56.25 MB/s","3600.0 IOPS","20","2","Yes","Yes","Yes","Yes","HVM","$0.120000 hourly","$0.076000 hourly","$0.16 hourly","$0.122 hourly","$0.2 hourly","$0.095 hourly","$0.212000 hourly","$0.168000 hourly","$0.24 hourly","$0.194 hourly","$0.672 hourly","$0.634 hourly","unavailable","unavailable","$0.1676 hourly","$0.130 hourly","$0.58 hourly","$0.542 hourly","unavailable","unavailable","$0.00 hourly"
"M4 General Purpose Extra Large","m4.xlarge","16.0 GiB","13 units","4 vCPUs","0","0","3.25 units","","","","","","EBS only","N/A","N/A","64-bit","High","750.0 Mbps","93.75 MB/s","6000.0 IOPS","60","4","Yes","Yes","Yes","Yes","HVM","$0.240000 hourly","$0.153000 hourly","$0.26 hourly","$0.184 hourly","$0.3 hourly","$0.157 hourly","$0.424000 hourly","$0.337000 hourly","$0.439 hourly","$0.346 hourly","$0.864 hourly","$0.788 hourly","$1.884 hourly","$1.808 hourly","$0.2676 hourly","$0.192 hourly","$0.68 hourly","$0.604 hourly","$1.7 hourly","$1.624 hourly","$0.00 hourly"
"M4 General Purpose Double Extra Large","m4.2xlarge","32.0 GiB","26 units","8 vCPUs","0","0","3.25 units","","","","","","EBS only","N/A","N/A","64-bit","High","1000.0 Mbps","125.0 MB/s","8000.0 IOPS","60","4","Yes","Yes","Yes","Yes","HVM","$0.480000 hourly","$0.306000 hourly","$0.53 hourly","$0.378 hourly","$0.5 hourly","$0.281 hourly","$0.848000 hourly","$0.674000 hourly","$0.9 hourly","$0.689 hourly","$1.728 hourly","$1.576 hourly","$3.768 hourly","$3.616 hourly","$0.5352 hourly","$0.383 hourly","$1.36 hourly","$1.208 hourly","$3.4 hourly","$3.248 hourly","$0.00 hourly"
"M4 General Purpose Quadruple Extra Large","m4.4xlarge","64.0 GiB","53.5 units","16 vCPUs","0","0","3.344 units","","","","","","EBS only","N/A","N/A","64-bit","High","2000.0 Mbps","250.0 MB/s","16000.0 IOPS","240","8","Yes","Yes","Yes","Yes","HVM","$0.960000 hourly","$0.612000 hourly","$0.93 hourly","$0.626 hourly","$0.9 hourly","$0.529 hourly","$1.696000 hourly","$1.348000 hourly","$1.844 hourly","$1.381 hourly","$3.456 hourly","$3.152 hourly","$7.536 hourly","$7.232 hourly","$1.0704 hourly","$0.766 hourly","$2.72 hourly","$2.416 hourly","$6.8 hourly","$6.496 hourly","$0.00 hourly"
"M4 General Purpose Deca Extra Large","m4.10xlarge","160.0 GiB","124.5 units","40 vCPUs","0","0","3.112 units","","","","","","EBS only","N/A","N/A","64-bit","10 Gigabit","4000.0 Mbps","500.0 MB/s","32000.0 IOPS","240","8","Yes","Yes","Yes","Yes","HVM","$2.400000 hourly","$1.529000 hourly","$2.13 hourly","$1.369 hourly","$2.1 hourly","$1.272 hourly","$4.240000 hourly","$3.369000 hourly","$4.582 hourly","$3.449 hourly","$8.64 hourly","$7.879 hourly","$18.84 hourly","$18.079 hourly","$2.676 hourly","$1.915 hourly","$6.8 hourly","$6.039 hourly","$17 hourly","$16.239 hourly","$0.00 hourly"
"M4 General Purpose 16xlarge","m4.16xlarge","256.0 GiB","188 units","64 vCPUs","0","0","2.938 units","","","","","","EBS only","N/A","N/A","64-bit","25 Gigabit","10000.0 Mbps","1250.0 MB/s","65000.0 IOPS","240","8","Yes","Yes","Yes","Yes","HVM","$3.840000 hourly","$2.446000 hourly","$3.33 hourly","$2.112 hourly","$3.3 hourly","$2.015 hourly","$6.784000 hourly","$5.390000 hourly","$7.331 hourly","$5.518 hourly","$13.824 hourly","$12.606 hourly","$30.144 hourly","$28.926 hourly","$4.2816 hourly","$3.064 hourly","$10.88 hourly","$9.662 hourly","$27.2 hourly","$25.982 hourly","0"
"C5 High-CPU Large","c5.large","4.0 GiB","8 units","2 vCPUs","0","0","4 units","","","","","","EBS only","N/A","N/A","64-bit","Up to 10 Gbps","2250.0 Mbps","281.25 MB/s","16000.0 IOPS","30","3","Yes","Yes","Yes","Yes","HVM","$0.097000 hourly","$0.062000 hourly","$0.145 hourly","$0.114 hourly","$0.185 hourly","$0.087 hourly","$0.189000 hourly","$0.154000 hourly","$0.245 hourly","$0.213 hourly","$0.657 hourly","$0.626 hourly","unavailable","unavailable","$0.153 hourly","$0.121 hourly","$0.565 hourly","$0.534 hourly","unavailable","unavailable","$0.00 hourly"
"C5 High-CPU Extra Large","c5.xlarge","8.0 GiB","16 units","4 vCPUs","0","0","4 units","","","","","","EBS only","N/A","N/A","64-bit","Up to 10 Gbps","2250.0 Mbps","281.25 MB/s","16000.0 IOPS","60","4","Yes","Yes","Yes","Yes","HVM","$0.194000 hourly","$0.124000 hourly","$0.23 hourly","$0.167 hourly","$0.27 hourly","$0.140 hourly","$0.378000 hourly","$0.308000 hourly","$0.422 hourly","$0.359 hourly","$0.834 hourly","$0.771 hourly","$1.854 hourly","$1.791 hourly","$0.238 hourly","$0.175 hourly","$0.65 hourly","$0.587 hourly","$1.67 hourly","$1.607 hourly","$0.00 hourly"
"C5 High-CPU Double Extra Large","c5.2xlarge","16.0 GiB","31 units","8 vCPUs","0","0","3.875 units","","","","","","EBS only","N/A","N/A","64-bit","Up to 10 Gbps","2250.0 Mbps","281.25 MB/s","16000.0 IOPS","60","4","Yes","Yes","Yes","Yes","HVM","$0.388000 hourly","$0.249000 hourly","$0.47 hourly","$0.344 hourly","$0.44 hourly","$0.247 hourly","$0.756000 hourly","$0.617000 hourly","$0.843 hourly","$0.717 hourly","$1.668 hourly","$1.542 hourly","$3.708 hourly","$3.582 hourly","$0.475 hourly","$0.349 hourly","$1.3 hourly","$1.174 hourly","$3.34 hourly","$3.214 hourly","$0.00 hourly"
"C5 High-CPU Quadruple Extra Large","c5.4xlarge","32.0 GiB","62 units","16 vCPUs","0","0","3.875 units","","","","","","EBS only","N/A","N/A","64-bit","Up to 10 Gpbs","2250.0 Mbps","281.25 MB/s","16000.0 IOPS","240","8","Yes","Yes","Yes","Yes","HVM","$0.776000 hourly","$0.498000 hourly","$0.81 hourly","$0.558 hourly","$0.78 hourly","$0.461 hourly","$1.512000 hourly","$1.234000 hourly","$1.686 hourly","$1.435 hourly","$3.336 hourly","$3.084 hourly","$7.416 hourly","$7.164 hourly","$0.95 hourly","$0.699 hourly","$2.6 hourly","$2.348 hourly","$6.68 hourly","$6.428 hourly","$0.00 hourly"
"C5 High-CPU 9xlarge","c5.9xlarge","72.0 GiB","139 units","36 vCPUs","0","0","3.861 units","","","","","","EBS only","N/A","N/A","64-bit","10 Gigabit","4500.0 Mbps","562.5 MB/s","32000.0 IOPS","240","8","Yes","Yes","Yes","Yes","HVM","$1.746000 hourly","$1.120000 hourly","$1.66 hourly","$1.094 hourly","$1.63 hourly","$0.997 hourly","$3.402000 hourly","$2.776000 hourly","$3.794 hourly","$3.228 hourly","$7.506 hourly","$6.940 hourly","$16.686 hourly","$16.120 hourly","$2.138 hourly","$1.572 hourly","$5.85 hourly","$5.284 hourly","$15.03 hourly","$14.464 hourly","$0.00 hourly"
"C5 High-CPU 18xlarge","c5.18xlarge","144.0 GiB","278 units","72 vCPUs","0","0","3.861 units","","","","","","EBS only","N/A","N/A","64-bit","25 Gigabit","9000.0 Mbps","1125.0 MB/s","64000.0 IOPS","750","15","Yes","Yes","Yes","Yes","HVM","$3.492000 hourly","$2.240000 hourly","$3.19 hourly","$2.058 hourly","$3.16 hourly","$1.961 hourly","$6.804000 hourly","$5.552000 hourly","$7.589 hourly","$6.457 hourly","$15.012 hourly","$13.880 hourly","$33.372 hourly","$32.240 hourly","$4.277 hourly","$3.145 hourly","$11.7 hourly","$10.568 hourly","$30.06 hourly","$28.928 hourly","$0.00 hourly"
"C4 High-CPU Large","c4.large","3.75 GiB","8 units","2 vCPUs","0","0","4 units","","","","","","EBS only","N/A","N/A","64-bit","Moderate","500.0 Mbps","62.5 MB/s","4000.0 IOPS","30","3","Yes","Yes","Yes","Yes","HVM","$0.114000 hourly","$0.074000 hourly","$0.16 hourly","$0.123 hourly","$0.2 hourly","$0.096 hourly","$0.206000 hourly","$0.165000 hourly","$0.331 hourly","$0.226 hourly","$1.319 hourly","$1.068 hourly","unavailable","unavailable","$0.168 hourly","$0.131 hourly","$0.58 hourly","$0.543 hourly","unavailable","unavailable","$0.00 hourly"
"C4 High-CPU Extra Large","c4.xlarge","7.5 GiB","16 units","4 vCPUs","0","0","4 units","","","","","","EBS only","N/A","N/A","64-bit","High","750.0 Mbps","93.75 MB/s","6000.0 IOPS","60","4","Yes","Yes","Yes","Yes","HVM","$0.227000 hourly","$0.146000 hourly","$0.259 hourly","$0.186 hourly","$0.299 hourly","$0.159 hourly","$0.411000 hourly","$0.330000 hourly","$0.624 hourly","$0.381 hourly","$1.51 hourly","$1.270 hourly","$1.883 hourly","$1.810 hourly","$0.268 hourly","$0.194 hourly","$0.68 hourly","$0.606 hourly","$1.7 hourly","$1.626 hourly","$0.00 hourly"
"C4 High-CPU Double Extra Large","c4.2xlarge","15.0 GiB","31 units","8 vCPUs","0","0","3.875 units","","","","","","EBS only","N/A","N/A","64-bit","High","1000.0 Mbps","125.0 MB/s","8000.0 IOPS","60","4","Yes","Yes","Yes","Yes","HVM","$0.454000 hourly","$0.293000 hourly","$0.528 hourly","$0.382 hourly","$0.498 hourly","$0.285 hourly","$0.822000 hourly","$0.661000 hourly","$1.296 hourly","$0.761 hourly","$3.019 hourly","$2.525 hourly","$3.766 hourly","$3.620 hourly","$0.535 hourly","$0.387 hourly","$1.36 hourly","$1.212 hourly","$3.4 hourly","$3.252 hourly","$0.00 hourly"
"C4 High-CPU Quadruple Extra Large","c4.4xlarge","30.0 GiB","62 units","16 vCPUs","0","0","3.875 units","","","","","","EBS only","N/A","N/A","64-bit","High","2000.0 Mbps","250.0 MB/s","16000.0 IOPS","240","8","Yes","Yes","Yes","Yes","HVM","$0.909000 hourly","$0.586000 hourly","$0.926 hourly","$0.634 hourly","$0.896 hourly","$0.537 hourly","$1.645000 hourly","$1.322000 hourly","$1.814 hourly","$1.522 hourly","$5.538 hourly","$4.203 hourly","$7.532 hourly","$7.240 hourly","$1.07 hourly","$0.774 hourly","$2.72 hourly","$2.424 hourly","$6.8 hourly","$6.504 hourly","$0.00 hourly"
"C4 High-CPU Eight Extra Large","c4.8xlarge","60.0 GiB","132 units","36 vCPUs","0","0","3.667 units","","","","","","EBS only","N/A","N/A","64-bit","10 Gigabit","4000.0 Mbps","500.0 MB/s","32000.0 IOPS","240","8","Yes","Yes","Yes","Yes","HVM","$1.817000 hourly","$1.173000 hourly","$1.721 hourly","$1.138 hourly","$1.691 hourly","$1.041 hourly","$3.473000 hourly","$2.665000 hourly","$3.881 hourly","$3.154 hourly","$12.485 hourly","$8.407 hourly","$16.747 hourly","$16.164 hourly","$2.208 hourly","$1.616 hourly","$5.92 hourly","$5.328 hourly","$15.1 hourly","$14.508 hourly","$0.00 hourly"
"R4 High-Memory Large","r4.large","15.25 GiB","7 units","2 vCPUs","0","0","3.5 units","","","","","","EBS only","N/A","N/A","64-bit","Up to 10 Gigabit","425.0 Mbps","53.13 MB/s","3000.0 IOPS","30","3","Yes","Yes","Yes","Yes","HVM","$0.160000 hourly","$0.094000 hourly","$0.193 hourly","$0.144 hourly","$0.233 hourly","$0.117 hourly","$0.252000 hourly","$0.186000 hourly","$0.296 hourly","$0.247 hourly","$0.705 hourly","$0.656 hourly","unavailable","unavailable","$0.2006 hourly","$0.152 hourly","$0.613 hourly","$0.564 hourly","unavailable","unavailable","0"
"R4 High-Memory Extra Large","r4.xlarge","30.5 GiB","13.5 units","4 vCPUs","0","0","3.375 units","","","","","","EBS only","N/A","N/A","64-bit","Up to 10 Gigabit","850.0 Mbps","106.25 MB/s","6000.0 IOPS","60","4","Yes","Yes","Yes","Yes","HVM","$0.320000 hourly","$0.188000 hourly","$0.396 hourly","$0.228 hourly","$0.366 hourly","$0.201 hourly","$0.504000 hourly","$0.372000 hourly","$0.521 hourly","$0.423 hourly","$0.93 hourly","$0.832 hourly","$1.95 hourly","$1.852 hourly","$0.3336 hourly","$0.236 hourly","$0.746 hourly","$0.648 hourly","$1.766 hourly","$1.668 hourly","0"
"R4 High-Memory Double Extra Large","r4.2xlarge","61.0 GiB","27 units","8 vCPUs","0","0","3.375 units","","","","","","EBS only","N/A","N/A","64-bit","Up to 10 Gigabit","1700.0 Mbps","212.5 MB/s","12000.0 IOPS","60","4","Yes","Yes","Yes","Yes","HVM","$0.640000 hourly","$0.376000 hourly","$0.662 hourly","$0.433 hourly","$0.632 hourly","$0.369 hourly","$1.008000 hourly","$0.744000 hourly","$0.787 hourly","$0.628 hourly","$1.843 hourly","$1.664 hourly","$3.9 hourly","$3.704 hourly","$0.6672 hourly","$0.471 hourly","$1.492 hourly","$1.296 hourly","$3.532 hourly","$3.336 hourly","0"
"R4 High-Memory Quadruple Extra Large","r4.4xlarge","122.0 GiB","53 units","16 vCPUs","0","0","3.312 units","","","","","","EBS only","N/A","N/A","64-bit","Up to 10 Gigabit","3500.0 Mbps","437.5 MB/s","18750.0 IOPS","240","8","Yes","Yes","Yes","Yes","HVM","$1.280000 hourly","$0.753000 hourly","$1.194 hourly","$0.802 hourly","$1.164 hourly","$0.705 hourly","$2.016000 hourly","$1.489000 hourly","$2.082 hourly","$1.690 hourly","$3.72 hourly","$3.328 hourly","$7.8 hourly","$7.408 hourly","$1.3344 hourly","$0.942 hourly","$2.984 hourly","$2.592 hourly","$7.064 hourly","$6.672 hourly","0"
"R4 High-Memory Eight Extra Large","r4.8xlarge","244.0 GiB","99 units","32 vCPUs","0","0","3.094 units","","","","","","EBS only","N/A","N/A","64-bit","10 Gigabit","7000.0 Mbps","875.0 MB/s","37500.0 IOPS","240","8","Yes","Yes","Yes","Yes","HVM","$2.561000 hourly","$1.506000 hourly","$2.258 hourly","$1.474 hourly","$2.228 hourly","$1.377 hourly","$4.033000 hourly","$2.978000 hourly","$4.164 hourly","$3.380 hourly","$7.44 hourly","$6.656 hourly","$15.6 hourly","$14.816 hourly","$2.6688 hourly","$1.885 hourly","$5.968 hourly","$5.184 hourly","$14.128 hourly","$13.344 hourly","0"
"R4 High-Memory 16xlarge","r4.16xlarge","488.0 GiB","195 units","64 vCPUs","0","0","3.047 units","","","","","","EBS only","N/A","N/A","64-bit","25 Gigabit","14000.0 Mbps","1750.0 MB/s","75000.0 IOPS","750","15","Yes","Yes","Yes","Yes","HVM","$5.122000 hourly","$3.012000 hourly","$4.386 hourly","$2.818 hourly","$4.356 hourly","$2.721 hourly","$8.066000 hourly","$5.956000 hourly","$8.327 hourly","$6.759 hourly","$14.88 hourly","$13.312 hourly","$31.2 hourly","$29.632 hourly","$5.3376 hourly","$3.770 hourly","$11.936 hourly","$10.368 hourly","$28.256 hourly","$26.688 hourly","0"
"P3 Double Extra Large","p3.2xlarge","61.0 GiB","23.5 units","8 vCPUs","1","0","2.938 units","","","","","","EBS only","N/A","N/A","64-bit","Up to 10 Gigabit","1750.0 Mbps","218.0 MB/s","10000.0 IOPS","60","4","Yes","No","Yes","Yes","HVM","unavailable","unavailable","$3.19 hourly","$2.218 hourly","$3.16 hourly","$2.121 hourly","unavailable","unavailable","unavailable","unavailable","unavailable","unavailable","unavailable","unavailable","unavailable","unavailable","unavailable","unavailable","unavailable","unavailable","0"
"P3 Eight Extra Large","p3.8xlarge","244.0 GiB","94 units","32 vCPUs","4","0","2.938 units","","","","","","EBS only","N/A","N/A","64-bit","10 Gigabit","7000.0 Mbps","875.0 MB/s","40000.0 IOPS","240","8","Yes","No","Yes","Yes","HVM","unavailable","unavailable","$12.37 hourly","$8.484 hourly","$12.34 hourly","$8.387 hourly","unavailable","unavailable","unavailable","unavailable","unavailable","unavailable","unavailable","unavailable","unavailable","unavailable","unavailable","unavailable","unavailable","unavailable","0"
"P3 16xlarge","p3.16xlarge","488.0 GiB","188 units","64 vCPUs","8","0","2.938 units","","","","","","EBS only","N/A","N/A","64-bit","25 Gigabit","14000.0 Mbps","1750.0 MB/s","80000.0 IOPS","240","8","Yes","No","Yes","Yes","HVM","unavailable","unavailable","$24.61 hourly","$16.838 hourly","$24.58 hourly","$16.741 hourly","unavailable","unavailable","unavailable","unavailable","unavailable","unavailable","unavailable","unavailable","unavailable","unavailable","unavailable","unavailable","unavailable","unavailable","0"
"General Purpose GPU Extra Large","p2.xlarge","61.0 GiB","12 units","4 vCPUs","1","0","3 units","","","","","","EBS only","N/A","N/A","64-bit","High","750.0 Mbps","93.75 MB/s","6000.0 IOPS","60","4","Yes","Yes","Yes","Yes","HVM","$1.326000 hourly","$0.815000 hourly","$0.96 hourly","$0.674 hourly","$1 hourly","$0.647 hourly","$1.510000 hourly","$0.999000 hourly","unavailable","unavailable","unavailable","unavailable","unavailable","unavailable","unavailable","unavailable","unavailable","unavailable","unavailable","unavailable","0"
"General Purpose GPU Eight Extra Large","p2.8xlarge","488.0 GiB","94 units","32 vCPUs","8","0","2.938 units","","","","","","EBS only","N/A","N/A","64-bit","10 Gigabit","5000.0 Mbps","625.0 MB/s","32500.0 IOPS","240","8","Yes","Yes","Yes","Yes","HVM","$10.608000 hourly","$6.517000 hourly","$7.33 hourly","$5.044 hourly","$7.3 hourly","$4.947 hourly","$12.080000 hourly","$7.989000 hourly","unavailable","unavailable","unavailable","unavailable","$20.672 hourly","$18.386 hourly","unavailable","unavailable","unavailable","unavailable","$19.2 hourly","$16.914 hourly","0"
"General Purpose GPU 16xlarge","p2.16xlarge","732.0 GiB","188 units","64 vCPUs","16","0","2.938 units","","","","","","EBS only","N/A","N/A","64-bit","25 Gigabit","10000.0 Mbps","1250.0 MB/s","65000.0 IOPS","240","8","Yes","Yes","Yes","Yes","HVM","$21.216000 hourly","$13.035000 hourly","$14.53 hourly","$9.958 hourly","$14.5 hourly","$9.861 hourly","$24.160000 hourly","$15.979000 hourly","unavailable","unavailable","unavailable","unavailable","$41.344 hourly","$36.772 hourly","unavailable","unavailable","unavailable","unavailable","$38.4 hourly","$33.828 hourly","0"
"G3 Quadruple Extra Large","g3.4xlarge","122.0 GiB","47 units","16 vCPUs","1","0","2.938 units","","","","","","EBS only","N/A","N/A","64-bit","Up to 10 Gigabit","3500.0 Mbps","437.5 MB/s","20000.0 IOPS","240","8","Yes","Yes","Yes","Yes","HVM","$1.425000 hourly","$0.968000 hourly","$1.27 hourly","$0.908 hourly","$1.24 hourly","$0.811 hourly","$2.161000 hourly","$1.704000 hourly","unavailable","unavailable","unavailable","unavailable","unavailable","unavailable","unavailable","unavailable","unavailable","unavailable","unavailable","unavailable","0"
"G3 Eight Extra Large","g3.8xlarge","244.0 GiB","94 units","32 vCPUs","2","0","2.938 units","","","","","","EBS only","N/A","N/A","64-bit","10 Gigabit","7000.0 Mbps","875.0 MB/s","40000.0 IOPS","240","8","Yes","Yes","Yes","Yes","HVM","$2.850000 hourly","$1.936000 hourly","$2.41 hourly","$1.686 hourly","$2.38 hourly","$1.589 hourly","$4.322000 hourly","$3.408000 hourly","unavailable","unavailable","unavailable","unavailable","unavailable","unavailable","unavailable","unavailable","unavailable","unavailable","unavailable","unavailable","0"
"G3 16xlarge","g3.16xlarge","488.0 GiB","188 units","64 vCPUs","4","0","2.938 units","","","","","","EBS only","N/A","N/A","64-bit","25 Gigabit","14000.0 Mbps","1750.0 MB/s","80000.0 IOPS","750","15","Yes","Yes","Yes","Yes","HVM","$5.700000 hourly","$3.873000 hourly","$4.69 hourly","$3.242 hourly","$4.66 hourly","$3.145 hourly","$8.644000 hourly","$6.817000 hourly","unavailable","unavailable","unavailable","unavailable","unavailable","unavailable","unavailable","unavailable","unavailable","unavailable","unavailable","unavailable","0"
"H1 Double Extra Large","h1.2xlarge","32.0 GiB","26 units","8 vCPUs","0","0","3.25 units","","","","","","2000 GiB               HDD","Yes","N/A","64-bit","Up to 10 Gigabit","1750.0 Mbps","218.75 MB/s","12000.0 IOPS","60","4","Yes","Yes","Yes","Yes","HVM","unavailable","unavailable","$0.598 hourly","$0.448 hourly","$0.568 hourly","$0.351 hourly","unavailable","unavailable","$0.971 hourly","$0.821 hourly","$1.796 hourly","$1.646 hourly","$3.836 hourly","$3.686 hourly","$0.603 hourly","$0.453 hourly","$1.428 hourly","$1.278 hourly","$3.468 hourly","$3.318 hourly","0"
"H1 Quadruple Extra Large","h1.4xlarge","64.0 GiB","53.5 units","16 vCPUs","0","0","3.344 units","","","","","","4000 GiB               (2 * 2000 GiB HDD)","Yes","N/A","64-bit","Up to 10 Gigabit","3500.0 Mbps","437.5 MB/s","20000.0 IOPS","240","8","Yes","Yes","Yes","Yes","HVM","unavailable","unavailable","$1.066 hourly","$0.766 hourly","$1.036 hourly","$0.669 hourly","unavailable","unavailable","$1.942 hourly","$1.643 hourly","$3.592 hourly","$3.292 hourly","$7.672 hourly","$7.372 hourly","$1.206 hourly","$0.907 hourly","$2.856 hourly","$2.556 hourly","$6.936 hourly","$6.636 hourly","0"
"H1 Eight Extra Large","h1.8xlarge","128.0 GiB","99 units","32 vCPUs","0","0","3.094 units","","","","","","8000 GiB               (4 * 2000 GiB HDD)","Yes","N/A","64-bit","10 Gigabit","7000.0 Mbps","875.0 MB/s","40000.0 IOPS","240","8","Yes","Yes","Yes","Yes","HVM","unavailable","unavailable","$2.002 hourly","$1.402 hourly","$1.972 hourly","$1.305 hourly","unavailable","unavailable","$3.885 hourly","$3.285 hourly","$7.184 hourly","$6.584 hourly","$15.344 hourly","$14.744 hourly","$2.413 hourly","$1.813 hourly","$5.712 hourly","$5.112 hourly","$13.872 hourly","$13.272 hourly","0"
"H1 16xlarge","h1.16xlarge","256.0 GiB","188 units","64 vCPUs","0","0","2.938 units","","","","","","16000 GiB               (8 * 2000 GiB HDD)","Yes","N/A","64-bit","25 Gigabit","14000.0 Mbps","1750.0 MB/s","80000.0 IOPS","750","15","Yes","Yes","Yes","Yes","HVM","unavailable","unavailable","$3.874 hourly","$2.675 hourly","$3.844 hourly","$2.578 hourly","unavailable","unavailable","$7.77 hourly","$6.570 hourly","$14.368 hourly","$13.169 hourly","$30.688 hourly","$29.489 hourly","$4.826 hourly","$3.626 hourly","$11.424 hourly","$10.225 hourly","$27.744 hourly","$26.545 hourly","0"
"D2 Extra Large","d2.xlarge","30.5 GiB","14 units","4 vCPUs","0","0","3.5 units","","","","","","6000 GiB               (3 * 2000 GiB HDD)","Yes","N/A","64-bit","Moderate","750.0 Mbps","93.75 MB/s","6000.0 IOPS","60","4","Yes","No","Yes","Yes","HVM","$0.794000 hourly","$0.404000 hourly","$0.75 hourly","$0.462 hourly","$0.79 hourly","$0.439 hourly","$0.925000 hourly","$0.463000 hourly","unavailable","unavailable","unavailable","unavailable","$2.374 hourly","$2.086 hourly","unavailable","unavailable","unavailable","unavailable","$2.19 hourly","$1.862 hourly","$0.00 hourly"
"D2 Double Extra Large","d2.2xlarge","61.0 GiB","28 units","8 vCPUs","0","0","3.5 units","","","","","","12000 GiB               (6 * 2000 GiB HDD)","Yes","N/A","64-bit","High","1000.0 Mbps","125.0 MB/s","8000.0 IOPS","60","4","Yes","No","Yes","Yes","HVM","$1.588000 hourly","$0.808000 hourly","$1.51 hourly","$0.934 hourly","$1.48 hourly","$0.841 hourly","$1.809000 hourly","$0.876000 hourly","unavailable","unavailable","unavailable","unavailable","$4.748 hourly","$4.173 hourly","unavailable","unavailable","unavailable","unavailable","$4.38 hourly","$3.725 hourly","$0.00 hourly"
"D2 Quadruple Extra Large","d2.4xlarge","122.0 GiB","56 units","16 vCPUs","0","0","3.5 units","","","","","","24000 GiB               (12 * 2000 GiB HDD)","Yes","N/A","64-bit","High","2000.0 Mbps","250.0 MB/s","16000.0 IOPS","240","8","Yes","No","Yes","Yes","HVM","$3.176000 hourly","$1.616000 hourly","$2.89 hourly","$1.738 hourly","$2.86 hourly","$1.645 hourly","$3.478000 hourly","$1.683000 hourly","unavailable","unavailable","unavailable","unavailable","$9.496 hourly","$8.346 hourly","unavailable","unavailable","unavailable","unavailable","$8.76 hourly","$7.449 hourly","$0.00 hourly"
"D2 Eight Extra Large","d2.8xlarge","244.0 GiB","116 units","36 vCPUs","0","0","3.222 units","","","","","","48000 GiB               (24 * 2000 GiB HDD)","Yes","N/A","64-bit","10 Gigabit","4000.0 Mbps","500.0 MB/s","32000.0 IOPS","240","8","Yes","No","Yes","Yes","HVM","$6.352000 hourly","$3.232000 hourly","$5.65 hourly","$3.346 hourly","$5.62 hourly","$3.253 hourly","$7.030000 hourly","$3.299000 hourly","unavailable","unavailable","unavailable","unavailable","$20.676 hourly","$18.375 hourly","unavailable","unavailable","unavailable","unavailable","$19.02 hourly","$16.398 hourly","$0.00 hourly"
"M3 General Purpose Medium","m3.medium","3.75 GiB","3 units","1 vCPUs","0","0","3 units","","","","","","4 GiB               SSD","No","No","64-bit","Moderate","N/A","0 MB/s","0 IOPS","12","2","No","No","No","No","HVM, PV","$0.079000 hourly","$0.054000 hourly","$0.127 hourly","$0.108 hourly","$0.167 hourly","$0.081 hourly","$0.142000 hourly","$0.097000 hourly","$0.184 hourly","$0.127 hourly","$0.353 hourly","$0.221 hourly","unavailable","unavailable","$0.135 hourly","$0.111 hourly","$0.547 hourly","$0.523 hourly","unavailable","unavailable","unavailable"
"M3 General Purpose Large","m3.large","7.5 GiB","6.5 units","2 vCPUs","0","0","3.25 units","","","","","","32 GiB               SSD","No","No","64-bit","Moderate","N/A","0 MB/s","0 IOPS","30","3","No","No","No","No","HVM, PV","$0.158000 hourly","$0.108000 hourly","$0.193 hourly","$0.155 hourly","$0.233 hourly","$0.128 hourly","$0.284000 hourly","$0.193000 hourly","$0.367 hourly","$0.239 hourly","$0.704 hourly","$0.442 hourly","unavailable","unavailable","$0.202 hourly","$0.154 hourly","$0.614 hourly","$0.566 hourly","unavailable","unavailable","unavailable"
"M3 General Purpose Extra Large","m3.xlarge","15.0 GiB","13 units","4 vCPUs","0","0","3.25 units","","","","","","80 GiB               (2 * 40 GiB SSD)","No","No","64-bit","High","N/A","0 MB/s","0 IOPS","60","4","No","No","No","No","HVM, PV","$0.315000 hourly","$0.215000 hourly","$0.326 hourly","$0.250 hourly","$0.366 hourly","$0.223 hourly","$0.567000 hourly","$0.385000 hourly","$0.734 hourly","$0.479 hourly","$1.266 hourly","$0.882 hourly","$1.95 hourly","$1.878 hourly","$0.336 hourly","$0.240 hourly","$0.748 hourly","$0.653 hourly","$1.768 hourly","$1.673 hourly","unavailable"
"M3 General Purpose Double Extra Large","m3.2xlarge","30.0 GiB","26 units","8 vCPUs","0","0","3.25 units","","","","","","160 GiB               (2 * 80 GiB SSD)","No","No","64-bit","High","N/A","0 MB/s","0 IOPS","120","4","No","No","No","No","HVM, PV","$0.632000 hourly","$0.430000 hourly","$0.662 hourly","$0.510 hourly","$0.632 hourly","$0.413 hourly","$1.136000 hourly","$0.770000 hourly","$1.468 hourly","$0.957 hourly","$2.532 hourly","$1.661 hourly","$3.9 hourly","$3.756 hourly","$0.671 hourly","$0.480 hourly","$1.496 hourly","$1.305 hourly","$3.536 hourly","$3.345 hourly","unavailable"
"C3 High-CPU Large","c3.large","3.75 GiB","7 units","2 vCPUs","0","0","3.5 units","","","","","","32 GiB               (2 * 16 GiB SSD)","No","No","64-bit","Moderate","N/A","0 MB/s","0 IOPS","30","3","No","No","Yes","No","HVM, PV","$0.129000 hourly","$0.083000 hourly","$0.165 hourly","$0.133 hourly","$0.205 hourly","$0.109 hourly","$0.212000 hourly","$0.159000 hourly","$0.271 hourly","$0.192 hourly","$0.561 hourly","$0.406 hourly","unavailable","unavailable","$0.173 hourly","$0.134 hourly","$0.585 hourly","$0.546 hourly","unavailable","unavailable","unavailable"
"C3 High-CPU Extra Large","c3.xlarge","7.5 GiB","14 units","4 vCPUs","0","0","3.5 units","","","","","","80 GiB               (2 * 40 GiB SSD)","No","No","64-bit","Moderate","N/A","0 MB/s","0 IOPS","60","4","No","No","Yes","No","HVM, PV","$0.258000 hourly","$0.167000 hourly","$0.27 hourly","$0.206 hourly","$0.31 hourly","$0.182 hourly","$0.424000 hourly","$0.318000 hourly","$0.542 hourly","$0.386 hourly","$1.066 hourly","$0.771 hourly","$1.894 hourly","$1.833 hourly","$0.278 hourly","$0.200 hourly","$0.69 hourly","$0.613 hourly","$1.71 hourly","$1.633 hourly","unavailable"
"C3 High-CPU Double Extra Large","c3.2xlarge","15.0 GiB","28 units","8 vCPUs","0","0","3.5 units","","","","","","160 GiB               (2 * 80 GiB SSD)","No","No","64-bit","High","N/A","0 MB/s","0 IOPS","60","4","No","No","Yes","No","HVM, PV","$0.516000 hourly","$0.332000 hourly","$0.55 hourly","$0.422 hourly","$0.52 hourly","$0.328 hourly","$0.848000 hourly","$0.635000 hourly","$1.083 hourly","$0.771 hourly","$2.131 hourly","$1.542 hourly","$3.788 hourly","$3.664 hourly","$0.555 hourly","$0.401 hourly","$1.38 hourly","$1.225 hourly","$3.42 hourly","$3.265 hourly","unavailable"
"C3 High-CPU Quadruple Extra Large","c3.4xlarge","30.0 GiB","55 units","16 vCPUs","0","0","3.438 units","","","","","","320 GiB               (2 * 160 GiB SSD)","No","No","64-bit","High","N/A","0 MB/s","0 IOPS","240","8","No","No","Yes","No","HVM, PV","$1.032000 hourly","$0.664000 hourly","$0.97 hourly","$0.714 hourly","$0.94 hourly","$0.620 hourly","$1.696000 hourly","$1.271000 hourly","$2.166 hourly","$1.540 hourly","$4.262 hourly","$3.084 hourly","$7.576 hourly","$7.329 hourly","$1.11 hourly","$0.801 hourly","$2.76 hourly","$2.451 hourly","$6.84 hourly","$6.531 hourly","unavailable"
"C3 High-CPU Eight Extra Large","c3.8xlarge","60.0 GiB","108 units","32 vCPUs","0","0","3.375 units","","","","","","640 GiB               (2 * 320 GiB SSD)","No","No","64-bit","10 Gigabit","N/A","0 MB/s","0 IOPS","240","8","No","No","Yes","No","HVM, PV","$2.064000 hourly","$1.330000 hourly","$1.81 hourly","$1.298 hourly","$1.78 hourly","$1.204 hourly","$3.392000 hourly","$2.541000 hourly","$4.332 hourly","$3.081 hourly","$8.523 hourly","$6.170 hourly","$15.152 hourly","$14.657 hourly","$2.288 hourly","$1.670 hourly","$6 hourly","$5.382 hourly","$15.18 hourly","$14.562 hourly","unavailable"
"G2 Double Extra Large","g2.2xlarge","15.0 GiB","26 units","8 vCPUs","0","0","3.25 units","","","","","","60 GiB               SSD","No","No","64-bit","","N/A","0 MB/s","0 IOPS","60","4","No","No","No","No","Unknown","$0.772000 hourly","$0.474000 hourly","$0.78 hourly","$0.604 hourly","$0.75 hourly","$0.510 hourly","$0.906000 hourly","$0.543000 hourly","$0.957 hourly","$0.775 hourly","$3.816 hourly","$3.754 hourly","unavailable","unavailable","$0.785 hourly","$0.561 hourly","$1.61 hourly","$1.385 hourly","unavailable","unavailable","unavailable"
"G2 Eight Extra Large","g2.8xlarge","60.0 GiB","104 units","32 vCPUs","0","0","3.25 units","","","","","","240 GiB               (2 * 120 GiB SSD)","No","No","64-bit","","N/A","0 MB/s","0 IOPS","240","8","No","No","No","No","Unknown","$3.088000 hourly","$1.895000 hourly","$2.73 hourly","$2.026 hourly","$2.7 hourly","$1.933 hourly","$3.366000 hourly","$1.966000 hourly","unavailable","unavailable","unavailable","unavailable","$16.072 hourly","$15.369 hourly","unavailable","unavailable","unavailable","unavailable","$14.6 hourly","$13.702 hourly","unavailable"
"High Memory Cluster Eight Extra Large","cr1.8xlarge","244.0 GiB","88 units","32 vCPUs","0","0","2.75 units","","","","","","240 GiB               (2 * 120 GiB SSD)","No","No","64-bit","10 Gigabit","N/A","0 MB/s","0 IOPS","240","8","No","No","No","No","Unknown","unavailable","unavailable","$3.63 hourly","$1.819 hourly","$3.6 hourly","$1.725 hourly","unavailable","unavailable","$4.044 hourly","$2.327 hourly","$7.25 hourly","$6.077 hourly","unavailable","unavailable","unavailable","unavailable","unavailable","unavailable","unavailable","unavailable","unavailable"
"X1 Extra High-Memory 16xlarge","x1.16xlarge","976.0 GiB","174.5 units","64 vCPUs","0","0","2.727 units","","","","","","1920 GiB               SSD","Yes","No","64-bit","10 Gigabit","7000.0 Mbps","875.0 MB/s","40000.0 IOPS","240","8","Yes","Yes","Yes","Yes","HVM","$9.337000 hourly","$5.370000 hourly","$6.799 hourly","$4.240 hourly","$6.769 hourly","$4.143 hourly","$12.281000 hourly","$8.314000 hourly","$10.94 hourly","$8.136 hourly","$17.293 hourly","$14.734 hourly","$33.613 hourly","$31.054 hourly","$7.751 hourly","$5.191 hourly","$14.349 hourly","$11.790 hourly","$30.669 hourly","$28.110 hourly","0"
"X1 Extra High-Memory 32xlarge","x1.32xlarge","1952.0 GiB","349 units","128 vCPUs","0","0","2.727 units","","","","","","3840 GiB               (2 * 1920 GiB SSD)","Yes","No","64-bit","25 Gigabit","14000.0 Mbps","1750.0 MB/s","80000.0 IOPS","240","8","Yes","Yes","Yes","Yes","HVM","$18.674000 hourly","$10.740000 hourly","$13.468 hourly","$8.349 hourly","$13.438 hourly","$8.252 hourly","$24.562000 hourly","$16.628000 hourly","$21.88 hourly","$16.271 hourly","$34.586 hourly","$29.467 hourly","$67.226 hourly","$62.107 hourly","$15.501 hourly","$10.383 hourly","$28.698 hourly","$23.579 hourly","$61.338 hourly","$56.219 hourly","0"
"X1E Extra Large","x1e.xlarge","122.0 GiB","12 units","4 vCPUs","0","0","3 units","","","","","","120 GiB               SSD","Yes","No","64-bit","Up to 10 Gigabit","500.0 Mbps","62.5 MB/s","3700.0 IOPS","30","3","Yes","Yes","Yes","Yes","HVM","$1.167000 hourly","$0.671000 hourly","$0.894 hourly","$0.574 hourly","$0.934 hourly","$0.547 hourly","$1.351000 hourly","$0.855000 hourly","$1.086 hourly","$0.766 hourly","$1.498 hourly","$1.178 hourly","$2.518 hourly","$2.198 hourly","$0.902 hourly","$0.582 hourly","$1.314 hourly","$0.994 hourly","$2.334 hourly","$2.014 hourly","0"
"X1E Double Extra Large","x1e.2xlarge","244.0 GiB","23 units","8 vCPUs","0","0","2.875 units","","","","","","240 GiB               SSD","Yes","No","64-bit","Up to 10 Gigabit","1000.0 Mbps","125.0 MB/s","7400.0 IOPS","60","4","Yes","Yes","Yes","Yes","HVM","$2.334000 hourly","$1.342000 hourly","$1.798 hourly","$1.158 hourly","$1.768 hourly","$1.061 hourly","$2.702000 hourly","$1.710000 hourly","$2.171 hourly","$1.531 hourly","$2.996 hourly","$2.356 hourly","$5.036 hourly","$4.396 hourly","$1.803 hourly","$1.163 hourly","$2.628 hourly","$1.988 hourly","$4.668 hourly","$4.028 hourly","0"
"X1E Quadruple Extra Large","x1e.4xlarge","488.0 GiB","47 units","16 vCPUs","0","0","2.938 units","","","","","","480 GiB               SSD","Yes","No","64-bit","Up to 10 Gigabit","1750.0 Mbps","218.75 MB/s","10000.0 IOPS","60","4","Yes","Yes","Yes","Yes","HVM","$4.668000 hourly","$2.685000 hourly","$3.466 hourly","$2.186 hourly","$3.436 hourly","$2.089 hourly","$5.404000 hourly","$3.421000 hourly","$4.342 hourly","$3.062 hourly","$5.992 hourly","$4.712 hourly","$10.072 hourly","$8.792 hourly","$3.606 hourly","$2.326 hourly","$5.256 hourly","$3.976 hourly","$9.336 hourly","$8.056 hourly","0"
"X1E Eight Extra Large","x1e.8xlarge","976.0 GiB","91 units","32 vCPUs","0","0","2.844 units","","","","","","960 GiB               SSD","Yes","No","64-bit","Up to 10 Gigabit","3500.0 Mbps","437.5 MB/s","20000.0 IOPS","60","4","Yes","Yes","Yes","Yes","HVM","$9.336000 hourly","$5.370000 hourly","$6.802 hourly","$4.242 hourly","$6.772 hourly","$4.145 hourly","$10.808000 hourly","$6.842000 hourly","$8.685 hourly","$6.124 hourly","$11.984 hourly","$9.424 hourly","$20.144 hourly","$17.584 hourly","$7.213 hourly","$4.652 hourly","$10.512 hourly","$7.952 hourly","$18.672 hourly","$16.112 hourly","0"
"X1E 16xlarge","x1e.16xlarge","1952.0 GiB","179 units","64 vCPUs","0","0","2.797 units","","","","","","1920 GiB               SSD","Yes","No","64-bit","10 Gigabit","7000.0 Mbps","875.0 MB/s","40000.0 IOPS","240","8","Yes","Yes","Yes","Yes","HVM","$18.672000 hourly","$10.739000 hourly","$13.474 hourly","$8.353 hourly","$13.444 hourly","$8.256 hourly","$21.616000 hourly","$13.683000 hourly","$17.37 hourly","$12.249 hourly","$23.968 hourly","$18.847 hourly","$40.288 hourly","$35.167 hourly","$14.426 hourly","$9.305 hourly","$21.024 hourly","$15.903 hourly","$37.344 hourly","$32.223 hourly","0"
"X1E 32xlarge","x1e.32xlarge","3904.0 GiB","340 units","128 vCPUs","0","0","2.656 units","","","","","","3840 GiB               (2 * 1920 GiB SSD)","Yes","No","64-bit","25 Gigabit","14000.0 Mbps","1750.0 MB/s","80000.0 IOPS","240","8","Yes","Yes","Yes","Yes","HVM","$37.344000 hourly","$21.479000 hourly","$26.818 hourly","$16.576 hourly","$26.788 hourly","$16.479 hourly","$43.232000 hourly","$27.367000 hourly","$34.74 hourly","$24.498 hourly","$47.936 hourly","$37.694 hourly","$80.576 hourly","$70.334 hourly","$28.851 hourly","$18.609 hourly","$42.048 hourly","$31.806 hourly","$74.688 hourly","$64.446 hourly","0"
"R3 High-Memory Large","r3.large","15.25 GiB","6.5 units","2 vCPUs","0","0","3.25 units","","","","","","32 GiB               SSD","Yes","Yes","64-bit","Moderate","N/A","0 MB/s","0 IOPS","30","3","No","No","Yes","No","HVM","$0.200000 hourly","$0.123000 hourly","$0.226 hourly","$0.165 hourly","$0.266 hourly","$0.138 hourly","$0.325000 hourly","$0.234000 hourly","$0.386 hourly","$0.272 hourly","$0.946 hourly","$0.833 hourly","unavailable","unavailable","$0.234 hourly","$0.162 hourly","$0.646 hourly","$0.574 hourly","unavailable","unavailable","unavailable"
"R3 High-Memory Extra Large","r3.xlarge","30.5 GiB","13 units","4 vCPUs","0","0","3.25 units","","","","","","80 GiB               SSD","Yes","Yes","64-bit","Moderate","N/A","0 MB/s","0 IOPS","60","4","No","No","Yes","No","HVM","$0.400000 hourly","$0.246000 hourly","$0.393 hourly","$0.269 hourly","$0.433 hourly","$0.242 hourly","$0.650000 hourly","$0.430000 hourly","$0.738 hourly","$0.519 hourly","$1.378 hourly","$1.213 hourly","$2.017 hourly","$1.895 hourly","$0.4 hourly","$0.256 hourly","$0.812 hourly","$0.668 hourly","$1.832 hourly","$1.688 hourly","unavailable"
"R3 High-Memory Double Extra Large","r3.2xlarge","61.0 GiB","26 units","8 vCPUs","0","0","3.25 units","","","","","","160 GiB               SSD","Yes","Yes","64-bit","High","N/A","0 MB/s","0 IOPS","60","4","No","No","Yes","No","HVM","$0.800000 hourly","$0.493000 hourly","$0.795 hourly","$0.548 hourly","$0.765 hourly","$0.451 hourly","$1.180000 hourly","$0.857000 hourly","$1.52 hourly","$1.069 hourly","$2.74 hourly","$2.412 hourly","$4.033 hourly","$3.789 hourly","$0.799 hourly","$0.512 hourly","$1.624 hourly","$1.337 hourly","$3.664 hourly","$3.377 hourly","unavailable"
"R3 High-Memory Quadruple Extra Large","r3.4xlarge","122.0 GiB","52 units","16 vCPUs","0","0","3.25 units","","","","","","320 GiB               SSD","Yes","Yes","64-bit","High","N/A","0 MB/s","0 IOPS","240","8","No","No","Yes","No","HVM","$1.600000 hourly","$0.986000 hourly","$1.46 hourly","$0.966 hourly","$1.43 hourly","$0.869 hourly","$2.228000 hourly","$1.544000 hourly","$2.295 hourly","$1.617 hourly","$4.585 hourly","$4.041 hourly","$8.066 hourly","$7.579 hourly","$1.598 hourly","$1.024 hourly","$3.248 hourly","$2.673 hourly","$7.328 hourly","$6.753 hourly","unavailable"
"R3 High-Memory Eight Extra Large","r3.8xlarge","244.0 GiB","104 units","32 vCPUs","0","0","3.25 units","","","","","","640 GiB               (2 * 320 GiB SSD)","Yes","Yes","64-bit","10 Gigabit","N/A","0 MB/s","0 IOPS","240","8","No","No","Yes","No","HVM","$3.201000 hourly","$1.973000 hourly","$2.79 hourly","$1.802 hourly","$2.76 hourly","$1.705 hourly","$4.069000 hourly","$2.257000 hourly","$3.855 hourly","$2.717 hourly","$8.615 hourly","$7.594 hourly","$16.132 hourly","$15.158 hourly","$3.197 hourly","$2.048 hourly","$6.496 hourly","$5.347 hourly","$14.656 hourly","$13.507 hourly","unavailable"
"I2 Extra Large","i2.xlarge","30.5 GiB","14 units","4 vCPUs","0","0","3.5 units","","","","","","800 GiB               SSD","Yes","Yes","64-bit","Moderate","N/A","0 MB/s","0 IOPS","60","4","No","No","Yes","No","HVM","$1.013000 hourly","$0.466000 hourly","$0.913 hourly","$0.484 hourly","$0.953 hourly","$0.460 hourly","$1.133000 hourly","$0.594000 hourly","$0.993 hourly","$0.578 hourly","$1.23 hourly","$0.768 hourly","$2.537 hourly","$2.108 hourly","$0.921 hourly","$0.449 hourly","$1.333 hourly","$0.861 hourly","$2.353 hourly","$1.881 hourly","unavailable"
"I2 Double Extra Large","i2.2xlarge","61.0 GiB","27 units","8 vCPUs","0","0","3.375 units","","","","","","1600 GiB               (2 * 800 GiB SSD)","Yes","Yes","64-bit","Moderate","N/A","0 MB/s","0 IOPS","60","4","No","No","Yes","No","HVM","$2.026000 hourly","$0.933000 hourly","$1.835 hourly","$0.978 hourly","$1.805 hourly","$0.884 hourly","$2.267000 hourly","$1.188000 hourly","$1.986 hourly","$1.155 hourly","$2.459 hourly","$1.536 hourly","$5.073 hourly","$4.218 hourly","$1.841 hourly","$0.897 hourly","$2.666 hourly","$1.722 hourly","$4.706 hourly","$3.762 hourly","unavailable"
"I2 Quadruple Extra Large","i2.4xlarge","122.0 GiB","53 units","16 vCPUs","0","0","3.312 units","","","","","","3200 GiB               (4 * 800 GiB SSD)","Yes","Yes","64-bit","High","N/A","0 MB/s","0 IOPS","240","8","No","No","Yes","No","HVM","$4.051000 hourly","$1.865000 hourly","$3.54 hourly","$1.826 hourly","$3.51 hourly","$1.732 hourly","$4.532000 hourly","$2.375000 hourly","$3.971 hourly","$2.311 hourly","$4.918 hourly","$3.071 hourly","$10.146 hourly","$8.435 hourly","$3.682 hourly","$1.794 hourly","$5.332 hourly","$3.444 hourly","$9.412 hourly","$7.524 hourly","unavailable"
"I2 Eight Extra Large","i2.8xlarge","244.0 GiB","104 units","32 vCPUs","0","0","3.25 units","","","","","","6400 GiB               (8 * 800 GiB SSD)","Yes","Yes","64-bit","10 Gigabit","N/A","0 MB/s","0 IOPS","240","8","No","No","Yes","No","HVM","$8.102000 hourly","$3.730000 hourly","$6.95 hourly","$3.522 hourly","$6.92 hourly","$3.428 hourly","$9.064000 hourly","$4.750000 hourly","$7.942 hourly","$4.623 hourly","$9.836 hourly","$6.142 hourly","$20.292 hourly","$16.870 hourly","$7.365 hourly","$3.588 hourly","$10.664 hourly","$6.888 hourly","$18.824 hourly","$15.048 hourly","unavailable"
"C5 High-CPU Large","c5d.large","4.0 GiB","8 units","2 vCPUs","0","0","4 units","","","","","","50 GiB               NVMe SSD","Yes","Yes","64-bit","Up to 10 Gbps","2250.0 Mbps","281.25 MB/s","16000.0 IOPS","30","3","Yes","Yes","Yes","No","Unknown","unavailable","unavailable","$0.156 hourly","$0.121 hourly","$0.196 hourly","$0.094 hourly","unavailable","unavailable","$0.256 hourly","$0.220 hourly","$0.668 hourly","$0.633 hourly","unavailable","unavailable","$0.164 hourly","$0.128 hourly","$0.576 hourly","$0.541 hourly","unavailable","unavailable","0"
"C5 High-CPU Extra Large","c5d.xlarge","8.0 GiB","16 units","4 vCPUs","0","0","4 units","","","","","","100 GiB               NVMe SSD","Yes","Yes","64-bit","Up to 10 Gbps","2250.0 Mbps","281.25 MB/s","16000.0 IOPS","60","4","Yes","Yes","Yes","No","Unknown","unavailable","unavailable","$0.252 hourly","$0.181 hourly","$0.292 hourly","$0.154 hourly","unavailable","unavailable","$0.444 hourly","$0.373 hourly","$0.856 hourly","$0.785 hourly","$1.876 hourly","$1.805 hourly","$0.26 hourly","$0.189 hourly","$0.672 hourly","$0.601 hourly","$1.692 hourly","$1.621 hourly","0"
"C5 High-CPU Double Extra Large","c5d.2xlarge","16.0 GiB","31 units","8 vCPUs","0","0","3.875 units","","","","","","200 GiB               NVMe SSD","Yes","Yes","64-bit","Up to 10 Gbps","2250.0 Mbps","281.25 MB/s","16000.0 IOPS","60","4","Yes","Yes","Yes","No","Unknown","unavailable","unavailable","$0.514 hourly","$0.372 hourly","$0.484 hourly","$0.275 hourly","unavailable","unavailable","$0.887 hourly","$0.745 hourly","$1.712 hourly","$1.570 hourly","$3.752 hourly","$3.610 hourly","$0.519 hourly","$0.377 hourly","$1.344 hourly","$1.202 hourly","$3.384 hourly","$3.242 hourly","0"
"C5 High-CPU Quadruple Extra Large","c5d.4xlarge","32.0 GiB","62 units","16 vCPUs","0","0","3.875 units","","","","","","400 GiB               NVMe SSD","Yes","Yes","64-bit","Up to 10 Gbps","2250.0 Mbps","281.25 MB/s","16000.0 IOPS","240","8","Yes","Yes","Yes","No","Unknown","unavailable","unavailable","$0.898 hourly","$0.614 hourly","$0.868 hourly","$0.517 hourly","unavailable","unavailable","$1.774 hourly","$1.491 hourly","$3.424 hourly","$3.140 hourly","$7.504 hourly","$7.220 hourly","$1.038 hourly","$0.755 hourly","$2.688 hourly","$2.404 hourly","$6.768 hourly","$6.484 hourly","0"
"C5 High-CPU 9xlarge","c5d.9xlarge","72.0 GiB","139 units","36 vCPUs","0","0","3.861 units","","","","","","900 GiB               NVMe SSD","Yes","Yes","64-bit","10 Gigabit","4500.0 Mbps","562.5 MB/s","32000.0 IOPS","240","8","Yes","Yes","Yes","No","Unknown","unavailable","unavailable","$1.858 hourly","$1.220 hourly","$1.828 hourly","$1.123 hourly","unavailable","unavailable","$3.992 hourly","$3.354 hourly","$7.704 hourly","$7.066 hourly","$16.884 hourly","$16.246 hourly","$2.336 hourly","$1.698 hourly","$6.048 hourly","$5.410 hourly","$15.228 hourly","$14.590 hourly","0"
"C5 High-CPU 18xlarge","c5d.18xlarge","144.0 GiB","278 units","72 vCPUs","0","0","3.861 units","","","","","","1800 GiB               (2 * 900 GiB NVMe SSD)","Yes","Yes","64-bit","25 Gigabit","9000.0 Mbps","1125.0 MB/s","64000.0 IOPS","750","15","Yes","Yes","Yes","No","Unknown","unavailable","unavailable","$3.586 hourly","$2.310 hourly","$3.556 hourly","$2.213 hourly","unavailable","unavailable","$7.985 hourly","$6.709 hourly","$15.408 hourly","$14.132 hourly","$33.768 hourly","$32.492 hourly","$4.673 hourly","$3.397 hourly","$12.096 hourly","$10.820 hourly","$30.456 hourly","$29.180 hourly","0"
"F1 Double Extra Large","f1.2xlarge","122.0 GiB","26 units","8 vCPUs","0","1","3.25 units","","","","","","470 GiB               NVMe SSD","Yes","Yes","64-bit","Up to 10 Gigabit","1700.0 Mbps","212.5 MB/s","12000.0 IOPS","60","4","Yes","Yes","Yes","Yes","HVM","unavailable","unavailable","$1.78 hourly","$1.246 hourly","$1.75 hourly","$1.149 hourly","unavailable","unavailable","unavailable","unavailable","unavailable","unavailable","unavailable","unavailable","unavailable","unavailable","unavailable","unavailable","unavailable","unavailable","0"
"F1 16xlarge","f1.16xlarge","976.0 GiB","188 units","64 vCPUs","0","8","2.938 units","","","","","","3760 GiB               (4 * 940 GiB NVMe SSD)","Yes","Yes","64-bit","25 Gigabit","14000.0 Mbps","1750.0 MB/s","75000.0 IOPS","400","8","Yes","Yes","Yes","Yes","HVM","unavailable","unavailable","$13.33 hourly","$9.055 hourly","$13.3 hourly","$8.958 hourly","unavailable","unavailable","unavailable","unavailable","unavailable","unavailable","unavailable","unavailable","unavailable","unavailable","unavailable","unavailable","unavailable","unavailable","0"
"I3 High I/O Large","i3.large","15.25 GiB","7 units","2 vCPUs","0","0","3.5 units","","","","","","475 GiB               NVMe SSD","Yes","Yes","64-bit","Up to 10 Gigabit","425.0 Mbps","53.13 MB/s","3000.0 IOPS","30","3","Yes","Yes","Yes","Yes","HVM","$0.186000 hourly","$0.118000 hourly","$0.216 hourly","$0.167 hourly","$0.256 hourly","$0.140 hourly","$0.278000 hourly","$0.210000 hourly","$0.319 hourly","$0.270 hourly","$0.728 hourly","$0.679 hourly","unavailable","unavailable","$0.224 hourly","$0.175 hourly","$0.636 hourly","$0.587 hourly","unavailable","unavailable","0"
"I3 High I/O Extra Large","i3.xlarge","30.5 GiB","13 units","4 vCPUs","0","0","3.25 units","","","","","","950 GiB               NVMe SSD","Yes","Yes","64-bit","Up to 10 Gigabit","850.0 Mbps","106.25 MB/s","6000.0 IOPS","60","4","Yes","Yes","Yes","Yes","HVM","$0.372000 hourly","$0.237000 hourly","$0.372 hourly","$0.274 hourly","$0.412 hourly","$0.247 hourly","$0.556000 hourly","$0.421000 hourly","$0.567 hourly","$0.469 hourly","$0.976 hourly","$0.878 hourly","$1.996 hourly","$1.898 hourly","$0.38 hourly","$0.282 hourly","$0.792 hourly","$0.694 hourly","$1.812 hourly","$1.714 hourly","0"
"I3 High I/O Double Extra Large","i3.2xlarge","61.0 GiB","27 units","8 vCPUs","0","0","3.375 units","","","","","","1900 GiB               NVMe SSD","Yes","Yes","64-bit","Up to 10 Gigabit","1700.0 Mbps","212.5 MB/s","12000.0 IOPS","60","4","Yes","Yes","Yes","Yes","HVM","$0.744000 hourly","$0.474000 hourly","$0.754 hourly","$0.558 hourly","$0.724 hourly","$0.461 hourly","$1.112000 hourly","$0.842000 hourly","$1.133 hourly","$0.937 hourly","$1.952 hourly","$1.756 hourly","$3.992 hourly","$3.796 hourly","$0.759 hourly","$0.564 hourly","$1.584 hourly","$1.388 hourly","$3.624 hourly","$3.428 hourly","0"
"I3 High I/O Quadruple Extra Large","i3.4xlarge","122.0 GiB","53 units","16 vCPUs","0","0","3.312 units","","","","","","3800 GiB               (2 * 1900 GiB NVMe SSD)","Yes","Yes","64-bit","Up to 10 Gigabit","3500.0 Mbps","437.5 MB/s","16000.0 IOPS","240","8","Yes","Yes","Yes","Yes","HVM","$1.488000 hourly","$0.948000 hourly","$1.378 hourly","$0.987 hourly","$1.348 hourly","$0.890 hourly","$2.224000 hourly","$1.684000 hourly","$2.266 hourly","$1.875 hourly","$3.904 hourly","$3.513 hourly","$7.984 hourly","$7.593 hourly","$1.518 hourly","$1.127 hourly","$3.168 hourly","$2.777 hourly","$7.248 hourly","$6.857 hourly","0"
"I3 High I/O Eight Extra Large","i3.8xlarge","244.0 GiB","99 units","32 vCPUs","0","0","3.094 units","","","","","","7600 GiB               (4 * 1900 GiB NVMe SSD)","Yes","Yes","64-bit","10 Gigabit","7000.0 Mbps","875.0 MB/s","32500.0 IOPS","240","8","Yes","Yes","Yes","Yes","HVM","$2.976000 hourly","$1.896000 hourly","$2.626 hourly","$1.844 hourly","$2.596 hourly","$1.747 hourly","$4.448000 hourly","$3.368000 hourly","$4.532 hourly","$3.750 hourly","$7.808 hourly","$7.026 hourly","$15.968 hourly","$15.186 hourly","$3.037 hourly","$2.254 hourly","$6.336 hourly","$5.554 hourly","$14.496 hourly","$13.714 hourly","0"
"I3 High I/O 16xlarge","i3.16xlarge","488.0 GiB","200 units","64 vCPUs","0","0","3.125 units","","","","","","15200 GiB               (8 * 1900 GiB NVMe SSD)","Yes","Yes","64-bit","25 Gigabit","14000.0 Mbps","1750.0 MB/s","65000.0 IOPS","750","15","Yes","Yes","Yes","Yes","HVM","$5.952000 hourly","$3.791000 hourly","$5.122 hourly","$3.557 hourly","$5.092 hourly","$3.460 hourly","$8.896000 hourly","$6.735000 hourly","$9.063 hourly","$7.498 hourly","$15.616 hourly","$14.051 hourly","$31.936 hourly","$30.371 hourly","$6.074 hourly","$4.509 hourly","$12.672 hourly","$11.107 hourly","$28.992 hourly","$27.427 hourly","0"
"I3 High I/O Metal","i3.metal","512.0 GiB","208 units","N/A vCPUs","0","0","unknown","","","","","","15200 GiB               (8 * 1900 GiB NVMe SSD)","Yes","Yes","64-bit","25 Gigabit","10000.0 Mbps","1250.0 MB/s","64000.0 IOPS","750","15","Yes","Yes","Yes","Yes","HVM","$5.952000 hourly","$3.763000 hourly","$5.122 hourly","$3.557 hourly","$5.092 hourly","$3.460 hourly","$8.896000 hourly","$6.707000 hourly","$9.063 hourly","$7.498 hourly","$15.616 hourly","$14.051 hourly","$31.936 hourly","$30.371 hourly","$6.074 hourly","$4.509 hourly","$12.672 hourly","$11.107 hourly","$28.992 hourly","$27.427 hourly","0"